esquema,mae_local_mean,mae_global
Region,143.8340920305946,124.04192062448674
Retailer + City,189.83199706892927,127.13492696308788
Retailer + Region,191.8014422517712,130.46141694394902
