{
  "mae": 135.41623488773746,
  "rmse": 220.70594194412067
}