{
  "mae": 142.58782383419688,
  "rmse": 236.184535026094
}