{
  "mae": 139.6107512953368,
  "rmse": 200.25017209159043
}