{
  "mae": 230.28704663212434,
  "rmse": 298.3969858089997
}