{
  "mae": 140.2050949913644,
  "rmse": 232.4883797184012
}