{
  "mae": 181.87625215889463,
  "rmse": 248.28869417447245
}