{
  "mae": 193.48566493955093,
  "rmse": 252.22852115776809
}