{
  "mae": 187.64386873920552,
  "rmse": 261.247791458658
}