{
  "mae": 138.18981001727116,
  "rmse": 223.7951416561593
}