{
  "mae": 166.55587219343698,
  "rmse": 248.32040405771622
}