{
  "mae": 164.42901554404145,
  "rmse": 236.58755129983447
}