{
  "mae": 206.970207253886,
  "rmse": 252.56041318009338
}