{
  "mae": 164.02772020725388,
  "rmse": 257.0953230577508
}