{
  "mae": 216.7316062176166,
  "rmse": 275.0042241785791
}