{
  "mae": 178.79481865284973,
  "rmse": 230.34913352574648
}