{
  "mae": 176.1497409326425,
  "rmse": 245.32507196094426
}