{
  "mae": 291.4999568221071,
  "rmse": 375.64074071826036
}