{
  "mae": 188.68963730569948,
  "rmse": 237.3302403933838
}