{
  "mae": 150.0965889464594,
  "rmse": 242.9176759089348
}