{
  "mae": 143.60872193436958,
  "rmse": 212.6340762977413
}