{
  "mae": 151.40673575129534,
  "rmse": 228.49583504327677
}