{
  "mae": 141.7089378238342,
  "rmse": 228.3422401995006
}