{
  "mae": 199.3181347150259,
  "rmse": 237.45301144118397
}