{
  "mae": 143.86305267702934,
  "rmse": 209.7714924951706
}