{
  "mae": 192.77607944732296,
  "rmse": 274.56268360427146
}