{
  "mae": 143.71761658031087,
  "rmse": 226.99162866032148
}