{
  "mae": 172.30509499136443,
  "rmse": 263.41461079811586
}