{
  "mae": 155.12806563039726,
  "rmse": 237.5073427644124
}