{
  "mae": 147.38272884283248,
  "rmse": 240.09235557494696
}