{
  "mae": 175.25077720207253,
  "rmse": 259.6221547026279
}