{
  "mae": 224.95129533678755,
  "rmse": 292.3977807305757
}