{
  "mae": 157.63056994818652,
  "rmse": 250.17879513195908
}