{
  "mae": 155.8323834196891,
  "rmse": 248.74408505015373
}