{
  "mae": 169.7603626943005,
  "rmse": 252.044938282704
}