{
  "mae": 179.2064335060449,
  "rmse": 248.81491284816894
}