{
  "mae": 142.39507772020724,
  "rmse": 226.1106012895991
}