{
  "mae": 226.85513816925734,
  "rmse": 313.7923006861695
}