{
  "mae": 217.56735751295338,
  "rmse": 295.3995388702678
}