{
  "nodos": 108,
  "mae": 127.13492696308788,
  "rmse": 182.52783689599835,
  "r2": 0.2890741435896319
}