{
  "mae": 158.70259067357512,
  "rmse": 251.47089864835672
}