{
  "mae": 159.3044041450777,
  "rmse": 213.7678941393371
}