{
  "mae": 275.67447569701454,
  "rmse": 306.67053376745383
}