{
  "mae": 149.31822107081172,
  "rmse": 239.52260128350912
}