{
  "mae": 148.73860103626944,
  "rmse": 239.74820331566934
}