{
  "mae": 148.38564335060448,
  "rmse": 224.78293017856532
}