{
  "mae": 288.44352331606217,
  "rmse": 321.30610394954084
}