{
  "mae": 154.15699481865286,
  "rmse": 230.01227890179223
}