{
  "mae": 141.2904909943252,
  "rmse": 215.16674302225084
}