{
  "mae": 163.83333333333334,
  "rmse": 224.54674752706975
}