{
  "mae": 302.6015544041451,
  "rmse": 373.1699351744922
}