{
  "mae": 230.55965334320257,
  "rmse": 306.8787301228393
}