{
  "mae": 157.13341968911917,
  "rmse": 251.16066572740957
}