{
  "mae": 353.57305699481867,
  "rmse": 396.10081147321694
}