{
  "mae": 150.493609671848,
  "rmse": 244.14514789022937
}