{
  "mae": 245.30483592400694,
  "rmse": 318.3889085465953
}