{
  "mae": 225.54430051813472,
  "rmse": 301.5301451832494
}