{
  "mae": 245.3582037996546,
  "rmse": 315.1175214151396
}