{
  "mae": 149.4536269430052,
  "rmse": 241.69204264960433
}