{
  "mae": 270.05436096718483,
  "rmse": 339.59560831094643
}