{
  "mae": 367.9378238341969,
  "rmse": 412.52694432333277
}