{
  "mae": 270.73445595854923,
  "rmse": 353.49234607070343
}