{
  "mae": 155.060103626943,
  "rmse": 226.04383086362387
}