{
  "mae": 146.4217616580311,
  "rmse": 222.7436389639582
}