{
  "mae": 140.8655415741426,
  "rmse": 209.72018258840558
}