{
  "mae": 243.9176165803109,
  "rmse": 279.1335845631766
}