{
  "mae": 142.84322107081175,
  "rmse": 217.8476914008406
}