{
  "mae": 164.30768566493958,
  "rmse": 233.1455514123111
}