{
  "mae": 147.23497409326424,
  "rmse": 223.69852694765163
}