{
  "mae": 160.27651122625213,
  "rmse": 253.2527130603416
}