{
  "mae": 161.36010362694302,
  "rmse": 252.40511291611068
}