{
  "mae": 167.6211571675302,
  "rmse": 260.8017007807069
}