{
  "mae": 436.92746113989637,
  "rmse": 505.6106849808847
}