{
  "mae": 336.39689119170987,
  "rmse": 378.1367422704679
}