{
  "mae": 173.08445595854923,
  "rmse": 244.27875544691622
}