{
  "mae": 193.4056994818653,
  "rmse": 264.27641901552323
}