{
  "mae": 364.52124352331606,
  "rmse": 432.03728160229474
}