{
  "mae": 175.28480138169257,
  "rmse": 243.22521588419104
}