{
  "mae": 191.1784974093264,
  "rmse": 258.3826281175911
}