{
  "mae": 137.81761658031087,
  "rmse": 219.3253639800333
}