{
  "mae": 357.16158401184305,
  "rmse": 443.79449010377675
}