{
  "mae": 160.97003454231432,
  "rmse": 229.46578796726564
}