{
  "mae": 158.39533678756476,
  "rmse": 226.34164991677213
}