{
  "mae": 384.92279792746115,
  "rmse": 455.4018000424079
}