{
  "mae": 137.91347150259068,
  "rmse": 212.54795801408807
}