{
  "mae": 138.160103626943,
  "rmse": 228.54880388453662
}