{
  "mae": 137.85172711571678,
  "rmse": 226.51987198382702
}