{
  "mae": 150.660103626943,
  "rmse": 240.98122387245724
}