{
  "mae": 154.30354058721937,
  "rmse": 227.62279714619163
}