{
  "mae": 195.54922279792746,
  "rmse": 248.74020406675513
}