{
  "mae": 215.92668393782384,
  "rmse": 291.72040177485087
}