{
  "mae": 149.41267702936096,
  "rmse": 214.38598363529883
}