{
  "mae": 147.49680483592402,
  "rmse": 234.75248152783658
}