{
  "mae": 152.72124352331608,
  "rmse": 245.48390511068905
}