{
  "mae": 188.2318652849741,
  "rmse": 261.87103107655577
}