{
  "mae": 225.82176165803108,
  "rmse": 304.89827404062714
}