{
  "mae": 144.89956822107078,
  "rmse": 237.9924356148786
}