{
  "mae": 155.7181347150259,
  "rmse": 237.35754495081406
}