{
  "mae": 146.16062176165804,
  "rmse": 232.05769338032044
}