{
  "mae": 139.8177029360967,
  "rmse": 231.97110065077717
}