{
  "mae": 152.20436096718478,
  "rmse": 245.15532863390774
}