{
  "mae": 129.92029360967183,
  "rmse": 207.44050912107284
}