{
  "mae": 132.65224525043178,
  "rmse": 217.414180191672
}