{
  "mae": 175.94386873920553,
  "rmse": 265.01177959068013
}