{
  "mae": 144.3040932642487,
  "rmse": 232.42815889414084
}