{
  "mae": 139.72655440414508,
  "rmse": 223.27571762644996,
  "r2": -0.06377329469894133
}