{
  "mae": 157.31571675302243,
  "rmse": 216.40192122148022,
  "r2": 0.0007174124538059656
}