{
  "mae": 197.32124352331607,
  "rmse": 239.51744449541997,
  "r2": -0.22416622877425296
}