{
  "mae": 223.4263385146805,
  "rmse": 292.6176887318665,
  "r2": -0.8271207383443704
}