{
  "mae": 196.60682210708114,
  "rmse": 251.0190923603592,
  "r2": -0.34455819945275756
}