{
  "mae": 396.04723661485315,
  "rmse": 515.2525969869387,
  "r2": -4.665085573527437
}