{
  "mae": 174.31088082901553,
  "rmse": 244.57696373883996,
  "r2": -0.27643056196295923
}