{
  "mae": 152.61424870466323,
  "rmse": 242.15134629122042,
  "r2": -0.25123784480685485
}