{
  "mae": 139.08540587219343,
  "rmse": 222.6452614578307,
  "r2": -0.05777429418744906
}