{
  "mae": 139.62120034542312,
  "rmse": 210.31156982230584,
  "r2": 0.05617293738585405
}