{
  "mae": 130.23411053540588,
  "rmse": 210.17411021868895,
  "r2": 0.05740630458122198
}