{
  "mae": 155.95966382926224,
  "rmse": 217.9040162075547,
  "r2": -0.013203229354678658
}