{
  "mae": 152.68558475203557,
  "rmse": 230.3971162052893,
  "r2": -0.13271375257145035
}