{
  "mae": 205.43238341968913,
  "rmse": 278.6775920217643,
  "r2": -0.657181949420937
}