{
  "mae": 184.69205526770293,
  "rmse": 244.61154723064948,
  "r2": -0.2767915652739681
}