{
  "mae": 327.81803602269923,
  "rmse": 427.11991010031,
  "r2": -2.892832599962482
}