{
  "mae": 137.81761658031087,
  "rmse": 219.3253639800333,
  "r2": -0.02646421442484792
}