{
  "mae": 237.0782383419689,
  "rmse": 274.05713683227566,
  "r2": -0.6026855749018643
}