{
  "mae": 307.37901554404147,
  "rmse": 404.3616610077157,
  "r2": -2.4890407303036266
}