{
  "mae": 132.75811744386874,
  "rmse": 210.39950361782041,
  "r2": 0.05538352150681747
}