{
  "mae": 148.64058721934367,
  "rmse": 232.5951775276008,
  "r2": -0.1544297440462996
}