{
  "mae": 225.2825043177893,
  "rmse": 319.15111167694323,
  "r2": -1.173495866967392
}