{
  "mae": 129.08928324697754,
  "rmse": 211.6821478410358,
  "r2": 0.04383121300052073
}