{
  "mae": 223.4263385146805,
  "rmse": 292.6176887318665
}