{
  "mae": 196.60682210708114,
  "rmse": 251.0190923603592
}