{
  "mae": 139.08540587219343,
  "rmse": 222.6452614578307
}