{
  "mae": 396.04723661485315,
  "rmse": 515.2525969869387
}