{
  "mae": 139.62120034542312,
  "rmse": 210.31156982230584
}