{
  "mae": 174.31088082901553,
  "rmse": 244.57696373883996
}