{
  "nodos": 28,
  "mae": 130.46141694394902,
  "rmse": 177.5637480642139,
  "r2": 0.32721747423304914
}