{
  "mae": 155.95966382926224,
  "rmse": 217.9040162075547
}