{
  "mae": 257.59443005181345,
  "rmse": 289.73203015745224
}