{
  "mae": 130.23411053540588,
  "rmse": 210.17411021868895
}