{
  "mae": 179.11658031088083,
  "rmse": 280.516426821591
}