{
  "mae": 205.43238341968913,
  "rmse": 278.6775920217643
}