{
  "mae": 234.3807426597582,
  "rmse": 309.0572362651498
}