{
  "mae": 152.68558475203557,
  "rmse": 230.3971162052893
}