{
  "mae": 148.64058721934367,
  "rmse": 232.5951775276008
}