{
  "mae": 129.08928324697754,
  "rmse": 211.6821478410358
}