{
  "mae": 159.0875647668394,
  "rmse": 226.78168155316888
}