{
  "mae": 132.75811744386874,
  "rmse": 210.39950361782041
}