{
  "nodos": 5,
  "mae": 124.04192062448674,
  "rmse": 200.14719948791554,
  "r2": 0.14519878439081713
}