nodo,mae,rmse,r2
Midwest,142.25060449050088,217.16684733111356,-0.006359495904235235
Northeast,141.12029360967182,227.69509516356055,-0.10630136081655928
South,136.10639032815197,215.14902287427103,0.012254973263622349
Southeast,145.8376079447323,229.6184566774822,-0.12507035884030104
West,153.8555637799161,238.43113191359674,-0.21308719011857846
