{
  "mae": 142.25060449050088,
  "rmse": 217.16684733111356
}