{
  "mae": 141.12029360967182,
  "rmse": 227.69509516356055
}