{
  "Midwest": 0.19403,
  "Northeast": 0.24627,
  "South": 0.1791,
  "Southeast": 0.12687,
  "West": 0.25373
}