{
  "mae": 136.10639032815197,
  "rmse": 215.14902287427103
}