{
  "mae": 145.8376079447323,
  "rmse": 229.6184566774822
}