{
  "mae": 153.8555637799161,
  "rmse": 238.43113191359674
}